{
 "age_groups":[
  "0_4",
  "5_9",
  "10_14",
  "15_19",
  "20_24",
  "25_29",
  "30_34",
  "35_39",
  "40_44",
  "45_49",
  "50_54",
  "55_59",
  "60_64",
  "65_69",
  "70_74",
  "75_79",
  "80_84",
  "85_89",
  "90_94",
  "95_99",
  "100plus"
 ],
 "age_starts":[
  0,
  5,
  10,
  15,
  20,
  25,
  30,
  35,
  40,
  45,
  50,
  55,
  60,
  65,
  70,
  75,
  80,
  85,
  90,
  95,
  100
 ],
 "asfr_patterns":{
  "early":[
   0.1,
   0.22,
   0.25,
   0.2,
   0.14,
   0.07,
   0.02
  ],
  "mid":[
   0.06,
   0.18,
   0.27,
   0.24,
   0.16,
   0.07,
   0.02
  ],
  "late":[
   0.02,
   0.1,
   0.25,
   0.32,
   0.22,
   0.07,
   0.02
  ]
 },
 "asfr_default":"mid",
 "surv_by_e0":{
  "50":[
   0.917,
   0.985,
   0.984,
   0.978,
   0.972,
   0.965,
   0.958,
   0.949,
   0.937,
   0.92,
   0.895,
   0.86,
   0.811,
   0.747,
   0.665,
   0.561,
   0.434,
   0.295,
   0.165,
   0.072
  ],
  "60":[
   0.943,
   0.991,
   0.99,
   0.985,
   0.981,
   0.975,
   0.969,
   0.961,
   0.951,
   0.937,
   0.916,
   0.886,
   0.842,
   0.781,
   0.7,
   0.594,
   0.461,
   0.314,
   0.176,
   0.077
  ],
  "70":[
   0.965,
   0.995,
   0.994,
   0.991,
   0.988,
   0.984,
   0.979,
   0.973,
   0.965,
   0.953,
   0.935,
   0.908,
   0.868,
   0.811,
   0.732,
   0.626,
   0.491,
   0.337,
   0.19,
   0.083
  ],
  "80":[
   0.985,
   0.998,
   0.998,
   0.997,
   0.996,
   0.994,
   0.991,
   0.987,
   0.981,
   0.972,
   0.957,
   0.934,
   0.898,
   0.844,
   0.768,
   0.664,
   0.527,
   0.366,
   0.208,
   0.092
  ],
  "85":[
   0.991,
   0.999,
   0.999,
   0.998,
   0.997,
   0.996,
   0.994,
   0.991,
   0.986,
   0.978,
   0.965,
   0.945,
   0.913,
   0.862,
   0.789,
   0.687,
   0.549,
   0.385,
   0.22,
   0.098
  ],
  "90":[
   0.995,
   0.999,
   0.999,
   0.999,
   0.998,
   0.998,
   0.996,
   0.994,
   0.99,
   0.984,
   0.974,
   0.957,
   0.929,
   0.882,
   0.812,
   0.712,
   0.575,
   0.408,
   0.235,
   0.106
  ]
 },
 "surv_birth_by_e0":{
  "50":0.875,
  "60":0.928,
  "70":0.965,
  "80":0.987,
  "85":0.992,
  "90":0.996
 },
 "mig_age_dist":[
  0.010090817356205853,
  0.020181634712411706,
  0.04036326942482341,
  0.10090817356205853,
  0.16145307769929365,
  0.16145307769929365,
  0.1311806256306761,
  0.10090817356205853,
  0.08072653884964683,
  0.060544904137235116,
  0.04036326942482341,
  0.030272452068617558,
  0.025227043390514632,
  0.015136226034308779,
  0.010090817356205853,
  0.005045408678102927,
  0.003027245206861756,
  0.0020181634712411706,
  0.0010090817356205853,
  0.0,
  0.0
 ],
 "women_share":0.49
}